Withdrawal Application No,Loan/Grant No,Type,Country,Executing Agency,Project Name,Sector,Regional Department,Disbursement Amount (USD),Currency,Date Received,Date Processed,Processing Days,SLA Target (Days),SLA Met,Status,Processing Officer,Division,Fiscal Year,Quarter
WA-2025-100152,GR-4152-MFF,Grant,Nepal,Ministry of Energy,Climate Resilient Infrastructure,Finance,SARD,"USD 194,606.56",USD,"Apr 28, 2025","May 03, 2025",5.0,7,Y,Processed,,CTLA-PMR,2025,Q2 2025
WA-2025-100108,LN-4108-REG,Loan,Cambodia,  Ministry of Agriculture  ,Solar Power Generation Project,Energy,SERD,"$82,222.07",USD,17/01/2025,24-Jan-2025,,7,Yes,Processed,L. Halliwell,CTLA-LGD,2025,Q1 2025
WA-2026-100361,GR-4361-SF,Grant,India,  Department of Social Welfare,Climate Resilient Infrastructure,Transport,SARD,"894,118.25",USD,21/05/2025,24/05/2025,3.0,7,1,Processed,R. Baluyot,CTLA-LGD,2025,Q2 2025
WA-2025-100024,LN-4024-REG,Loan,INDONESIA, Municipal Development Fund  ,Small Business Support Facility,Multisector,SERD,"$52,348.40",USD,02-06-2025,"Feb 09, 2025",3.0,7,Yes,Processed,M. Pastoral,CTLA-LGD,2025,Q1 2025
WA-2026-100271,LN-4271-SF,Loan,Lao PDR,  Provincial Government  ,Agriculture Value Chain Development,Transport,SERD,813124.36,USD,10-28-2025,10-29-2025,1.0,7,Y,Processed,A. Asuncion,CTLA-LGD,2025,Q4 2025
WA-2026-100357,TA-4357-REG,TA,Fiji,  Department of Public Works  ,Public Financial Management Reform,Public Sector Management and Governance,PARD,"$64,907.28",USD,2025-05-10,11/05/2025,1.0,7,1,Processed,R. Baluyot,CTLA-TA,2025,Q2 2025
WA-2026-100467,TA-4467-MFF,TA,Indonesia ,Ministry of Transport ,Sustainable Urban Transport,Education,SERD,"USD 5,539,114.34",USD,02/05/2026,09-May-2026,7.0,7,Yes,Processed,R. Baluyot,CTLA-TA,2026,Q2 2026
WA-2025-100160,TA-4160-SF,TA,Myanmar,Ministry of Agriculture  ,Urban Water Supply Program,Finance,SERD,"$77,514.01",USD,"Mar 04, 2025",20-Mar-2025,16.0,7,0,Processed,D. Manurung,CTLA-TA,2025,Q1 2025
WA-2025-100074,LN-4074-MFF,Loan,Sri Lanka,  National Housing Authority,Smart City Development,Public Sector Management and Governance,SARD,"370,122.94",USD,18/03/2025,2025-03-23,5.0,7,Y,Processed,R. Dadufalza,CTLA-LGD,2025,Q1 2025
WA-2026-100375,LN-4375-REG,Loan,Bangladesh, Provincial Government ,Climate Resilient Infrastructure,ICT,SARD,"$507,099.02",USD,30-Mar-2025,,,7,-,On Hold,H.C. Park,CTLA-LGD,2025,Q1 2025
WA-2026-100085,LN-4085-SF,Loan,Lao PDR,Municipal Development Fund ,Rural Roads Improvement Project,ICT,SERD,"763,958.95",USD,"Nov 03, 2025","Nov 08, 2025",5.0,7,Y,Processed,L. Belingon,CTLA-LGD,2025,Q4 2025
WA-2025-100186,GR-4186-REG,Grant,Bangladesh,Ministry of Education  ,Renewable Energy Development,Transport,SARD,"12,878,694.75",USD,25/05/2026,"May 31, 2026",6.0,7,TRUE,Processed,H.C. Park,CTLA-LGD,2026,Q2 2026
WA-2026-100177,GR-4177-REG,Grant,Myanmar,  Municipal Development Fund,Girls Education Support Program,Water and Urban Development,SERD,56754.67,USD,03-31-2026,2026-04-21,21.0,7,No,Processed,,CTLA-LGD,2026,Q1 2026
WA-2026-100023,TA-4023-MFF,TA,Kazakhstan,National Water Utility,Regional Trade Facilitation,Education,CWRD,35155.55,USD,01-Jan-2026,"Jan 03, 2026",2.0,7,yes,Processed,R. Perez,CTLA-TA,2026,Q1 2026
WA-2025-100250,TA-4250-SF,TA,Lao PDR,Municipal Development Fund ,Urban Water Supply Program,Public Sector Management and Governance,SERD,"$36,080.56",USD,"Apr 10, 2026",,N/A,7,NA,On Hold,D. Manurung,CTLA-TA,2026,Q2 2026
WA-2025-100408,LN-4408-REG,Loan,Tajikistan,  Ministry of ICT,Solar Power Generation Project,Finance,CWRD,47233.34,USD,12-Dec-2025,"Dec 13, 2025",1 days,7,Yes,Processed,O. Orcas,CTLA-PMR,2025,Q4 2025
WA-2025-100202,LN-4202-SF,Loan,India,Ministry of Agriculture ,Digital Government Transformation,Health,SARD,"$93,392.34",USD,16-Jan-2025,01-19-2025,3.0,7,Y,Processed,,CTLA-LGD,2025,Q1 2025
WA-2025-100212,LN-4212-MFF,Loan,Papua New Guinea,Ministry of Education,Sustainable Urban Transport,Health,PARD,194507.17,USD,2025-01-16,18-Jan-2025,2 days,7,Y,Processed,O. Domagas,CTLA-LGD,2025,Q1 2025
WA-2026-100083,LN-4083-MFF,Loan,India, National Housing Authority  ,Basic Education Sector Program,Water and Urban Development,SARD,"$39,988.50",USD,23/11/2025,2025-11-24,1.0,7,TRUE,Processed,B. Choi,CTLA-LGD,2025,Q4 2025
WA-2025-100088,LN-4088-SF,Loan,Papua New Guinea,Central Bank,Skills Development Program,Health,PARD,52647.91,USD,09/05/2025,11/05/2025,2.0,7,Yes,Processed,E. Lazaro,CTLA-PMR,2025,Q2 2025
WA-2026-100369,GR-4369-REG,Grant,Papua New Guinea,  National Road Authority  ,Agriculture Value Chain Development,Water and Urban Development,PARD,"USD 271,144.83",USD,03-Dec-2025,18-Dec-2025,15.0,7,No,Processed,B. Choi,CTLA-LGD,2025,Q4 2025
WA-2026-100447,LN-4447-REG,Loan,NULL, National Water Utility  ,Rural Roads Improvement Project,Public Sector Management and Governance,EARD,323989.78,USD,12-03-2025,"Dec 09, 2025",6.0,7,Yes,Processed,H.C. Park,CTLA-PMR,2025,Q4 2025
WA-2025-100348,LN-4348-REG,Loan,Papua New Guinea,  Ministry of Transport,Climate Resilient Infrastructure,Education,PARD,"$1,875,287.37",USD,"Apr 27, 2025",,pending,7,NA,Pending,,CTLA-LGD,2025,Q2 2025
WA-2025-100328,GR-4328-SF,Grant,Tajikistan, Ministry of Finance,Small Business Support Facility,Finance,CWRD,"USD 771,934.66",USD,20-May-2025,22-May-2025,2.0,7,yes,Processed,O. Orcas,CTLA-LGD,2025,Q2 2025
WA-2025-100214,LN-4214-SF,Loan,Kazakhstan, National Road Authority  ,Public Financial Management Reform,"Agriculture, Food, Nature and Rural Development",CWRD,"USD 73,458.85",USD,13/10/2025,23-Oct-2025,10.0,7,0,Processed,H.C. Park,CTLA-LGD,2025,Q4 2025
WA-2025-100456,LN-4456-REG,Loan,VIETNAM, Department of Social Welfare  ,Basic Education Sector Program,ICT,SERD,"$273,038.02",USD,"May 04, 2025",09-May-2025,5.0,7,Yes,Processed,D. Manurung,CTLA-LGD,2025,Q2 2025
WA-2026-100327,LN-4327-REG,Loan,Indonesia,  National Water Utility  ,Sanitation Improvement Project,"Agriculture, Food, Nature and Rural Development",SERD,"2,285,153.07",USD,2026-02-08,27/02/2026,19.0,7,no,Processed,M. Akram,CTLA-LGD,2026,Q1 2026
WA-2026-100003,LN-4003-REG,Loan,NULL, National Water Utility,Urban Water Supply Program,Finance,PARD,"$93,463.64",USD,29-Apr-2025,03-May-2025,4.0,7,1,Processed,D. Nishimoto,CTLA-LGD,2025,Q2 2025
WA-2026-100491,LN-4491-MFF,Loan,Nepal,Rural Electrification Agency ,Digital Government Transformation,Public Sector Management and Governance,SARD,260914.08,USD,04/01/2026,,-,7,N/A,Under Review,R. Perez,CTLA-LGD,2026,Q1 2026
WA-2025-100474,LN-4474-REG,Loan,Nepal,  Ministry of ICT ,Public Financial Management Reform,Multisector,SARD,"USD 1,008,449.15",USD,"Jan 20, 2026",08-Feb-2026,19.0,7,0,Processed,S. Dhakal,CTLA-LGD,2026,Q1 2026
WA-2026-100021,TA-4021-REG,TA,Philippines, Ministry of Finance ,Renewable Energy Development,Energy,SERD,44170.91,USD,05-06-2026,2026-05-13,7.0,7,Y,Processed,A. Asuncion,CTLA-TA,2026,Q2 2026
WA-2025-100256,GR-4256-SF,Grant,Kyrgyz Republic,  National Water Utility ,Climate Resilient Infrastructure,Public Sector Management and Governance,CWRD,"$92,256.46",USD,2026-01-26,"Feb 07, 2026",12.0,7,no,Processed,D. Nishimoto,CTLA-PMR,2026,Q1 2026
WA-2025-100034,LN-4034-SF,Loan,Bhutan, National Water Utility  ,Public Financial Management Reform,ICT,SARD,219645.28,USD,17/01/2026,01-18-2026,1.0,7,yes,Processed,R. Dadufalza,CTLA-LGD,2026,Q1 2026
WA-2026-100453,LN-4453-REG,Loan,Bhutan,Ministry of Energy ,Health Sector Reform Project,Energy,SARD,"50,160.96",USD,19/10/2025,"Oct 23, 2025",4.0,7,1,Processed,B. Kasilag,CTLA-LGD,2025,Q4 2025
WA-2025-100412,TA-4412-SF,TA,Pakistan,National Housing Authority  ,Financial Inclusion Program,Health,CWRD,"$70,098.63",USD,"Apr 25, 2026",26-Apr-2026,1.0,7,Y,Processed,I. Mora,CTLA-TA,2026,Q2 2026
WA-2026-100451,LN-4451-SF,Loan,Papua New Guinea,Ministry of Energy  ,Solar Power Generation Project,Education,PARD,"124,529.59",USD,01-Dec-2025,,-,7,NA,On Hold,B. Choi,CTLA-LGD,2025,Q4 2025
WA-2025-100370,TA-4370-SF,TA,Tajikistan,Municipal Development Fund,Climate Resilient Infrastructure,Multisector,CWRD,"USD 468,781.17",USD,09-30-2025,,-,7,,Pending,L. Belingon,CTLA-TA,2025,Q3 2025
WA-2025-100302,LN-4302-MFF,Loan,Lao PDR,Central Bank ,Basic Education Sector Program,Transport,SERD,"$51,640.63",USD,12/07/2025,,-,7,na,Under Review,O. Orcas,CTLA-LGD,2025,Q3 2025
WA-2026-100211,LN-4211-SF,Loan,NULL, Ministry of Energy  ,Coastal Protection Project,Education,SARD,"$128,321.52",USD,2025-10-01,,N/A,7,,On Hold,B. Kasilag,CTLA-LGD,2025,Q4 2025
WA-2026-100225,TA-4225-REG,TA,Viet nam,Central Bank  ,Climate Resilient Infrastructure,Transport,SERD,1257536.83,USD,"Feb 07, 2025",11-Feb-2025,4.0,7,1,Processed,S. Dhakal,CTLA-TA,2025,Q1 2025
WA-2025-100434,GR-4434-MFF,Grant,Fiji, Ministry of Environment  ,Small Business Support Facility,Water and Urban Development,PARD,52893.02,USD,2026-01-21,28-Jan-2026,7.0,7,Yes,Processed,L. Halliwell,CTLA-LGD,2026,Q1 2026
WA-2025-100200,LN-4200-MFF,Loan,Maldives, Ministry of Agriculture,Coastal Protection Project,Education,SARD,"$175,825.87",USD,2025-09-06,"Sep 11, 2025",5.0,7,TRUE,Processed,R. Perez,CTLA-LGD,2025,Q3 2025
WA-2025-100138,TA-4138-REG,TA,Maldives,  Ministry of Energy,Climate Resilient Infrastructure,Multisector,SARD,"$88,736.31",USD,2025-08-07,08-11-2025,4.0,7,Yes,Processed,R. Baluyot,CTLA-TA,2025,Q3 2025
WA-2026-100331,GR-4331-SF,Grant,Kyrgyz Republic,  Ministry of Environment,Digital Government Transformation,Finance,CWRD,"USD 509,687.56",USD,2025-10-29,07/11/2025,9.0,7,No,Processed,R. Baluyot,CTLA-LGD,2025,Q4 2025
WA-2026-100031,LN-4031-SF,Loan,Uzbekistan,Ministry of Energy,Smart City Development,Multisector,CWRD,"$35,546.65",USD,07-18-2025,,N/A,7,-,Under Review,I. Mora,CTLA-LGD,2025,Q3 2025
WA-2026-100271,LN-4271-SF,Loan,Lao PDR,  Provincial Government  ,Agriculture Value Chain Development,Transport,SERD,813124.36,USD,10-28-2025,10-29-2025,1.0,7,Y,Processed,A. Asuncion,CTLA-LGD,2025,Q4 2025
WA-2026-100427,TA-4427-SF,TA,INDONESIA,  Ministry of Environment ,Solar Power Generation Project,ICT,SERD,"252,594.02",USD,01-27-2026,30/01/2026,3.0,7,TRUE,Processed,D. Nishimoto,CTLA-TA,2026,Q1 2026
WA-2025-100216,GR-4216-REG,Grant,Kyrgyz Republic, Ministry of Environment  ,Solar Power Generation Project,Finance,CWRD,"52,790.44",USD,04-14-2025,2025-04-15,1.0,7,Yes,Processed,B. Choi,CTLA-LGD,2025,Q2 2025
WA-2026-100215,LN-4215-MFF,Loan,Indonesia,  Ministry of Planning ,Digital Government Transformation,Finance,SERD,"USD 235,266.82",USD,2025-06-28,01/07/2025,3.0,7,Y,Processed,R. Dadufalza,CTLA-PMR,2025,Q2 2025
WA-2025-100448,TA-4448-SF,TA,Bhutan,Ministry of Agriculture,Flood Risk Management Project,ICT,SARD,125478.51,USD,13-Mar-2026,15-Mar-2026,2.0,7,yes,Processed,M. Akram,CTLA-TA,2026,Q1 2026
WA-2026-100145,LN-4145-SF,Loan,Lao PDR,  Rural Electrification Agency,Renewable Energy Development,Education,SERD,63108.73,USD,01/01/2026,03-Jan-2026,N/A,7,1,Processed,H.C. Park,CTLA-LGD,2026,Q1 2026
WA-2025-100484,LN-4484-SF,Loan,Bhutan,Department of Health,Renewable Energy Development,Energy,SARD,"8,321,964.36",USD,01-Mar-2026,"Mar 18, 2026",17.0,7,FALSE,Processed,V. Sefesi,CTLA-LGD,2026,Q1 2026
WA-2025-100246,GR-4246-REG,Grant,Papua New Guinea,  Ministry of Planning  ,Public Financial Management Reform,ICT,PARD,97494.08,USD,2026-05-19,,N/A,7,,Pending,,CTLA-LGD,2026,Q2 2026
WA-2026-100105,TA-4105-REG,TA,Fiji,Department of Social Welfare  ,Urban Water Supply Program,Education,PARD,483770.81,USD,"Jan 13, 2025",2025-01-20,7.0,7,TRUE,Processed,S. Dhakal,CTLA-TA,2025,Q1 2025
WA-2025-100146,TA-4146-MFF,TA,Pakistan,Municipal Development Fund ,Sustainable Urban Transport,Finance,CWRD,250172.95,USD,"Mar 26, 2026",04-17-2026,22.0,7,FALSE,Processed,R. Gallor,CTLA-TA,2026,Q1 2026
WA-2026-100329,LN-4329-MFF,Loan,Pakistan,  National Water Utility ,Flood Risk Management Project,Health,CWRD,"$181,787.38",USD,05-May-2026,2026-05-06,1.0,7,1,Processed,O. Domagas,CTLA-LGD,2026,Q2 2026
WA-2026-100419,LN-4419-MFF,Loan,India,  Ministry of Energy,Girls Education Support Program,ICT,SARD,"603,294.46",USD,03-09-2026,03-11-2026,2.0,7,Yes,Processed,M. Rodriguez,CTLA-PMR,2026,Q1 2026
WA-2025-100192,LN-4192-REG,Loan,India,Ministry of Energy ,Girls Education Support Program,Education,SARD,"USD 304,684.54",USD,13-Apr-2026,04-16-2026,3.0,7,Yes,Processed,S. Dhakal,CTLA-LGD,2026,Q2 2026
WA-2025-100226,LN-4226-SF,Loan,Maldives,  National Water Utility ,Digital Government Transformation,Finance,SARD,1220160.08,USD,26-Nov-2025,,N/A,7,-,Under Review,L. Halliwell,CTLA-LGD,2025,Q4 2025
WA-2025-100258,LN-4258-REG,Loan,NULL,National Water Utility,Smart City Development,ICT,CWRD,"USD 50,415.63",USD,17-May-2025,18/05/2025,1.0,7,Y,Processed,V. Sefesi,CTLA-LGD,2025,Q2 2025
WA-2026-100051,TA-4051-REG,TA,Myanmar,Ministry of Education,Flood Risk Management Project,Multisector,SERD,417154.72,USD,27-Nov-2025,30-Nov-2025,3.0,7,Y,Processed,D. Nishimoto,CTLA-TA,2025,Q4 2025
WA-2026-100307,GR-4307-SF,Grant,Mongolia,Ministry of Planning  ,Climate Resilient Infrastructure,Multisector,EARD,"USD 3,755,310.46",USD,22-Jun-2025,07-16-2025,24.0,7,No,Processed,V. Sefesi,CTLA-LGD,2025,Q2 2025
WA-2026-100351,TA-4351-REG,TA,Lao PDR,  Ministry of Education  ,Small Business Support Facility,"Agriculture, Food, Nature and Rural Development",SERD,190838.73,USD,"Feb 27, 2025",03-21-2025,22.0,7,0,Processed,L. Belingon,CTLA-TA,2025,Q1 2025
WA-2025-100324,LN-4324-REG,Loan,Kyrgyz Republic,Ministry of Finance ,Sustainable Urban Transport,Energy,CWRD,90398.31,USD,01-06-2025,2025-01-13,7.0,7,1,Processed,M. Akram,CTLA-LGD,2025,Q1 2025
WA-2026-100049,TA-4049-SF,TA,Pakistan,Municipal Development Fund ,Sustainable Urban Transport,Transport,CWRD,975608.08,USD,08-21-2025,"Aug 23, 2025",2.0,7,yes,Rejected,L. Halliwell,CTLA-TA,2025,Q3 2025
WA-2026-100127,GR-4127-SF,Grant,Myanmar,Municipal Development Fund ,Public Financial Management Reform,Public Sector Management and Governance,SERD,119852.63,USD,"Apr 02, 2025",2025-04-20,18.0,7,no,Processed,,CTLA-PMR,2025,Q2 2025
WA-2025-100478,LN-4478-SF,Loan,NULL,  Municipal Development Fund ,Basic Education Sector Program,Public Sector Management and Governance,CWRD,"$3,017,296.13",USD,05-Feb-2025,02-09-2025,4.0,7,Y,Processed,S. Dhakal,CTLA-LGD,2025,Q1 2025
WA-2025-100486,TA-4486-REG,TA,Bhutan,  National Housing Authority  ,Climate Resilient Infrastructure,Education,SARD,"USD 57,077.61",USD,"May 14, 2025","May 23, 2025",9.0,7,N,Processed,,CTLA-TA,2025,Q2 2025
WA-2025-100168,LN-4168-REG,Loan,Cambodia,  Ministry of Environment ,Small Business Support Facility,Transport,SERD,"$71,744.28",USD,02-06-2026,12/02/2026,6.0,7,1,Processed,E. Lazaro,CTLA-LGD,2026,Q1 2026
WA-2025-100330,LN-4330-REG,Loan,Maldives,  Ministry of Environment,Health Sector Reform Project,Public Sector Management and Governance,SARD,"42,618.13",USD,"Oct 19, 2025",11-05-2025,17.0,7,no,Processed,D. Manurung,CTLA-LGD,2025,Q4 2025
WA-2025-100340,LN-4340-SF,Loan,Kazakhstan,  Department of Social Welfare ,Public Financial Management Reform,NULL,CWRD,"USD 352,417.73",USD,01/10/2025,05-Oct-2025,4.0,7,Y,Processed,M. Pastoral,CTLA-PMR,2025,Q4 2025
WA-2026-100309,LN-4309-REG,Loan,bangladesh,  Department of Public Works,Coastal Protection Project,Health,SARD,"$45,279.35",USD,05-13-2025,17-May-2025,4.0,7,Y,Processed,,CTLA-PMR,2025,Q2 2025
WA-2025-100452,LN-4452-MFF,Loan,Bhutan,  Ministry of Environment ,Sanitation Improvement Project,Education,SARD,"$96,569.76",USD,12-Jul-2025,"Jul 17, 2025",5.0,7,Yes,Processed,I. Mora,CTLA-LGD,2025,Q3 2025
WA-2026-100421,LN-4421-SF,Loan,Sri Lanka, Department of Social Welfare  ,Regional Trade Facilitation,Education,SARD,87051.06,USD,2025-04-20,08-May-2025,18.0,7,no,Processed,B. Kasilag,CTLA-LGD,2025,Q2 2025
WA-2026-100377,GR-4377-MFF,Grant,Pakistan, National Road Authority,Climate Resilient Infrastructure,ICT,CWRD,"$61,851.96",USD,2025-11-07,,N/A,7,,Pending,D. Nishimoto,CTLA-LGD,2025,Q4 2025
WA-2025-100058,LN-4058-SF,Loan,Lao PDR,National Water Utility ,Agriculture Value Chain Development,Energy,SERD,50735.34,USD,03-24-2025,31-Mar-2025,7.0,7,Yes,Processed,L. Halliwell,CTLA-LGD,2025,Q1 2025
WA-2025-100092,LN-4092-MFF,Loan,Philippines, Ministry of Planning  ,Basic Education Sector Program,NULL,SERD,76628.45,USD,26/03/2026,,N/A,7,-,Under Review,N. Librada,CTLA-LGD,2026,Q1 2026
WA-2026-100017,GR-4017-MFF,Grant,Fiji, Ministry of Energy,Sanitation Improvement Project,ICT,PARD,"5,856,021.95",USD,"Jan 09, 2026",,-,7,-,On Hold,O. Domagas,CTLA-LGD,2026,Q1 2026
WA-2025-100266,TA-4266-MFF,TA,Cambodia,Municipal Development Fund  ,Urban Water Supply Program,Finance,SERD,"$50,561.03",USD,13-Jan-2026,30/01/2026,17.0,7,N,Processed,N. Librada,CTLA-TA,2026,Q1 2026
WA-2026-100263,GR-4263-MFF,Grant,Pakistan,  Ministry of Planning,Sanitation Improvement Project,"Agriculture, Food, Nature and Rural Development",CWRD,44385.89,USD,15/12/2025,21-Dec-2025,,7,1,Processed,R. Dadufalza,CTLA-PMR,2025,Q4 2025
WA-2025-100312,LN-4312-REG,Loan,Uzbekistan,Provincial Government ,Flood Risk Management Project,"Agriculture, Food, Nature and Rural Development",CWRD,"$547,424.78",USD,11/07/2025,2025-07-12,1.0,7,Y,Processed,E. Lazaro,CTLA-LGD,2025,Q3 2025
WA-2025-100010,TA-4010-SF,TA,Sri Lanka,Ministry of Environment,Financial Inclusion Program,Water and Urban Development,SARD,2158198.37,USD,25-Mar-2026,,-,7,NA,Pending,E. Lazaro,CTLA-TA,2026,Q1 2026
WA-2025-100154,TA-4154-SF,TA,Banglades, Rural Electrification Agency ,Small Business Support Facility,"Agriculture, Food, Nature and Rural Development",SARD,214877.67,USD,"Jan 07, 2025",19-Jan-2025,12.0,7,no,Processed,B. Choi,CTLA-TA,2025,Q1 2025
WA-2026-100345,TA-4345-REG,TA,Sri Lanka,  Department of Public Works  ,Public Financial Management Reform,ICT,SARD,"$41,944.26",USD,03-25-2025,30-Mar-2025,5.0,7,Y,Processed,A. Asuncion,CTLA-TA,2025,Q1 2025
WA-2025-100210,LN-4210-REG,Loan,Viet Nam,  Municipal Development Fund  ,Smart City Development,Finance,SERD,"USD 74,302.71",USD,"Jun 28, 2025",02-Jul-2025,4.0,7,TRUE,Processed,N. Librada,CTLA-LGD,2025,Q2 2025
WA-2026-100165,GR-4165-REG,Grant,Cambodia,Ministry of Agriculture ,Renewable Energy Development,Multisector,SERD,113587.70,USD,25/10/2025,,,7,na,On Hold,V. Sefesi,CTLA-PMR,2025,Q4 2025
WA-2026-100243,LN-4243-REG,Loan,Viet nam,  Rural Electrification Agency,Public Financial Management Reform,Transport,SERD,"96,732.50",USD,2026-04-24,,pending,7,-,Pending,S. Dhakal,CTLA-LGD,2026,Q2 2026
WA-2025-100290,TA-4290-MFF,TA,Maldives,Department of Public Works  ,Solar Power Generation Project,ICT,SARD,269798.30,USD,2025-12-05,"Dec 08, 2025",3.0,7,yes,Processed,H.C. Park,CTLA-TA,2025,Q4 2025
WA-2026-100161,LN-4161-MFF,Loan,Papua New Guinea,Ministry of Agriculture,Skills Development Program,Multisector,PARD,52955.95,USD,27-Oct-2025,,N/A,7,NA,Pending,R. Gallor,CTLA-LGD,2025,Q4 2025
WA-2026-100079,LN-4079-SF,Loan,Uzbekistan,Urban Development Authority,Urban Water Supply Program,Health,CWRD,"$907,115.29",USD,04-14-2026,21-Apr-2026,7.0,7,Yes,Processed,M. Rodriguez,CTLA-LGD,2026,Q2 2026
WA-2026-100489,LN-4489-REG,Loan,Bangladesh,  Municipal Development Fund  ,Renewable Energy Development,Multisector,SARD,"$184,908.30",USD,03-19-2026,04-05-2026,17.0,7,N,Processed,N. Librada,CTLA-PMR,2026,Q1 2026
WA-2025-100458,LN-4458-MFF,Loan,NULL,Ministry of Agriculture  ,Solar Power Generation Project,Public Sector Management and Governance,SERD,"USD 426,923.91",USD,20/03/2025,"Mar 26, 2025",6.0,7,yes,Processed,M. Akram,CTLA-PMR,2025,Q1 2025
WA-2025-100436,LN-4436-SF,Loan,Kazakhstan,  Department of Social Welfare,Renewable Energy Development,"Agriculture, Food, Nature and Rural Development",CWRD,601729.91,USD,04-17-2025,"Apr 18, 2025",1.0,7,TRUE,Processed,M. Rodriguez,CTLA-LGD,2025,Q2 2025
WA-2026-100005,TA-4005-MFF,TA,Kazakhstan, Ministry of Finance  ,Climate Resilient Infrastructure,ICT,CWRD,"USD 59,065.91",USD,11-Mar-2026,,-,7,N/A,Pending,R. Perez,CTLA-TA,2026,Q1 2026
WA-2026-100071,LN-4071-MFF,Loan,PHILIPPINES, Ministry of ICT ,Financial Inclusion Program,Health,SERD,2528257.09,USD,08-21-2025,11-Sep-2025,21.0,7,N,Processed,R. Baluyot,CTLA-LGD,2025,Q3 2025
WA-2026-100173,TA-4173-MFF,TA,Pakistan,  Ministry of Education,Basic Education Sector Program,Finance,CWRD,"$240,277.06",USD,"Jan 29, 2025",,N/A,7,N/A,On Hold,H.C. Park,CTLA-TA,2025,Q1 2025
WA-2026-100475,LN-4475-SF,Loan,Sri Lanka,  National Housing Authority  ,Urban Water Supply Program,Finance,SARD,"369,228.41",USD,2025-05-05,2025-05-09,4.0,7,yes,Processed,R. Gallor,CTLA-LGD,2025,Q2 2025
WA-2026-100485,LN-4485-MFF,Loan,Sri Lanka,Ministry of Environment ,Climate Resilient Infrastructure,Multisector,SARD,"1,075,632.83",USD,30-Sep-2025,07/10/2025,7.0,7,Y,Processed,O. Orcas,CTLA-LGD,2025,Q3 2025
WA-2026-100429,LN-4429-REG,Loan,Maldives, Rural Electrification Agency  ,Flood Risk Management Project,"Agriculture, Food, Nature and Rural Development",SARD,"$127,949.94",USD,14-Mar-2026,2026-03-15,1.0,7,TRUE,Processed,A. Asuncion,CTLA-LGD,2026,Q1 2026
WA-2025-100422,LN-4422-MFF,Loan,NULL,Ministry of Finance ,Solar Power Generation Project,Health,SARD,"$294,466.08",USD,"Oct 08, 2025",2025-10-10,2.0,7,Yes,Processed,M. Pastoral,CTLA-LGD,2025,Q4 2025
WA-2025-100006,GR-4006-REG,Grant,Viet Nam,Urban Development Authority ,Climate Resilient Infrastructure,NULL,SERD,"$744,426.79",USD,13/04/2025,07-May-2025,N/A,7,FALSE,Processed,I. Mora,CTLA-LGD,2025,Q2 2025
WA-2025-100354,TA-4354-REG,TA,Philippines, Central Bank,Urban Water Supply Program,Multisector,SERD,584275.81,USD,06-Feb-2026,2026-03-02,24.0,7,FALSE,Processed,H.C. Park,CTLA-TA,2026,Q1 2026
WA-2025-100392,GR-4392-MFF,Grant,Lao PDR,  Ministry of Agriculture ,Sanitation Improvement Project,Transport,SERD,"USD 947,441.84",USD,"Mar 03, 2026",07-Mar-2026,4.0,7,1,Processed,L. Halliwell,CTLA-LGD,2026,Q1 2026
WA-2025-100464,TA-4464-MFF,TA,Uzbekistan,  Ministry of Finance  ,Climate Resilient Infrastructure,Multisector,CWRD,"308,113.68",USD,"Jan 28, 2026",,,7,-,On Hold,B. Choi,CTLA-TA,2026,Q1 2026
WA-2025-100182,LN-4182-MFF,Loan,Tajikistan, Ministry of Planning  ,Coastal Protection Project,Water and Urban Development,CWRD,"$923,159.60",USD,01-14-2025,"Jan 18, 2025",4.0,7,Y,Processed,N. Librada,CTLA-LGD,2025,Q1 2025
WA-2025-100314,TA-4314-MFF,TA,Viet Nam,  Department of Public Works  ,Sanitation Improvement Project,Finance,SERD,80970.27,USD,2025-07-11,"Jul 17, 2025",6.0,7,TRUE,Processed,M. Pastoral,CTLA-TA,2025,Q3 2025
WA-2026-100121,LN-4121-SF,Loan,Tajikistan,  Department of Public Works ,Renewable Energy Development,Health,CWRD,"399,057.16",USD,2025-08-14,2025-08-20,6.0,7,TRUE,Processed,N. Librada,CTLA-LGD,2025,Q3 2025
WA-2025-100072,LN-4072-REG,Loan,Fiji,  Municipal Development Fund  ,Coastal Protection Project,Water and Urban Development,PARD,2448550.18,USD,16-Apr-2025,,-,7,-,Pending,D. Nishimoto,CTLA-LGD,2025,Q2 2025
WA-2025-100316,LN-4316-SF,Loan,Kazakhstan, Ministry of Environment ,Smart City Development,Finance,CWRD,530084.44,USD,11-May-2025,05-18-2025,7.0,7,1,Processed,H.C. Park,CTLA-LGD,2025,Q2 2025
WA-2026-100477,LN-4477-REG,Loan,Kazakhstan, Ministry of Energy,Renewable Energy Development,Education,CWRD,233637.61,USD,01-04-2026,21-Jan-2026,17.0,7,0,Processed,N. Librada,CTLA-PMR,2026,Q1 2026
WA-2025-100086,TA-4086-MFF,TA,Uzbekistan,  National Road Authority ,Girls Education Support Program,Health,CWRD,3515761.46,USD,05-Nov-2025,2025-11-07,2.0,7,Yes,Processed,M. Rodriguez,CTLA-TA,2025,Q4 2025
WA-2025-100278,GR-4278-MFF,Grant,Philippines, Municipal Development Fund,Sustainable Urban Transport,Health,SERD,"$1,917,820.92",USD,04-19-2025,04-25-2025,6.0,7,1,Processed,R. Gallor,CTLA-LGD,2025,Q2 2025
WA-2026-100101,TA-4101-MFF,TA,Mongolia,  Central Bank ,Flood Risk Management Project,Education,EARD,"USD 837,175.10",USD,"Mar 31, 2026",,-,7,,Under Review,V. Sefesi,CTLA-TA,2026,Q1 2026
WA-2025-100244,TA-4244-SF,TA,Bhutan,National Road Authority,Coastal Protection Project,Health,SARD,"USD 499,470.80",USD,05-21-2026,,pending,7,-,Pending,R. Gallor,CTLA-TA,2026,Q2 2026
WA-2025-100238,TA-4238-SF,TA,Kyrgyz Republic, Ministry of Finance,Digital Government Transformation,Finance,CWRD,"USD 61,956.82",USD,01-01-2025,"Jan 08, 2025",7.0,7,yes,Processed,H.C. Park,CTLA-TA,2025,Q1 2025
WA-2026-100249,LN-4249-REG,Loan,NULL,Ministry of Planning,Basic Education Sector Program,Transport,SARD,647732.69,USD,"Jul 22, 2025",,,7,NA,Pending,R. Gallor,CTLA-LGD,2025,Q3 2025
WA-2026-100031,LN-4031-SF,Loan,Uzbekistan,Ministry of Energy,Smart City Development,Multisector,CWRD,"$35,546.65",USD,07-18-2025,,N/A,7,-,Under Review,I. Mora,CTLA-LGD,2025,Q3 2025
WA-2026-100385,GR-4385-SF,Grant,Myanmar,Ministry of ICT  ,Financial Inclusion Program,Public Sector Management and Governance,SERD,400961.78,USD,11-Jan-2026,"Jan 29, 2026",18 days,7,N,Processed,L. Halliwell,CTLA-LGD,2026,Q1 2026
WA-2026-100007,LN-4007-SF,Loan,Viet Nam,  Ministry of Energy,Health Sector Reform Project,Water and Urban Development,SERD,"$432,416.54",USD,20-Aug-2025,26-Aug-2025,6.0,7,Y,Processed,R. Perez,CTLA-LGD,2025,Q3 2025
WA-2026-100319,LN-4319-SF,Loan,Tajikistan,Ministry of Finance  ,Small Business Support Facility,ICT,CWRD,490499.06,USD,14/12/2025,,N/A,7,,Pending,D. Nishimoto,CTLA-LGD,2025,Q4 2025
WA-2025-100204,TA-4204-REG,TA,Bangladesh,Ministry of Agriculture,Small Business Support Facility,Transport,SARD,"$193,153.75",USD,07-Nov-2025,13/11/2025,6.0,7,1,Processed,R. Perez,CTLA-TA,2025,Q4 2025
WA-2025-100228,GR-4228-REG,Grant,Lao PDR, Ministry of Planning ,Agriculture Value Chain Development,Transport,SERD,"USD 890,552.08",USD,09-13-2025,15-Sep-2025,2.0,7,TRUE,Processed,,CTLA-LGD,2025,Q3 2025
WA-2025-100264,LN-4264-REG,Loan,Fiji,  Ministry of Education,Skills Development Program,Health,PARD,"$94,699.33",USD,20-Nov-2025,21/11/2025,1.0,7,Yes,Processed,D. Nishimoto,CTLA-PMR,2025,Q4 2025
WA-2025-100286,TA-4286-SF,TA,Viet Nam,Provincial Government,Financial Inclusion Program,NULL,SERD,538527.94,USD,03-Feb-2026,,N/A,7,NA,Under Review,,CTLA-TA,2026,Q1 2026
WA-2026-100193,GR-4193-SF,Grant,India,Ministry of Environment  ,Climate Resilient Infrastructure,ICT,SARD,"$2,880,942.86",USD,2025-01-22,,N/A,7,,Pending,R. Dadufalza,CTLA-LGD,2025,Q1 2025
WA-2026-100195,TA-4195-REG,TA,Cambodia, Urban Development Authority ,Sanitation Improvement Project,Transport,SERD,2245612.01,USD,27-Apr-2025,,-,7,N/A,Pending,M. Akram,CTLA-TA,2025,Q2 2025
WA-2026-100189,LN-4189-REG,Loan,Maldives,  Ministry of Energy ,Rural Roads Improvement Project,Education,SARD,"$982,772.30",USD,2025-06-29,"Jun 30, 2025",1.0,7,1,Processed,M. Akram,CTLA-PMR,2025,Q2 2025
WA-2026-100497,TA-4497-MFF,TA,Uzbekistan,  Ministry of Transport ,Renewable Energy Development,NULL,CWRD,"$49,507.24",USD,18-Jan-2025,01-24-2025,6.0,7,yes,Processed,H.C. Park,CTLA-TA,2025,Q1 2025
WA-2026-100433,TA-4433-SF,TA,Philippines,Provincial Government  ,Sanitation Improvement Project,Multisector,SERD,47056.29,USD,12-Feb-2026,16/02/2026,4.0,7,Yes,Processed,,CTLA-TA,2026,Q1 2026
WA-2025-100184,GR-4184-SF,Grant,Kazakhstan, Ministry of Finance ,Rural Roads Improvement Project,"Agriculture, Food, Nature and Rural Development",CWRD,"USD 2,165,356.73",USD,"Mar 23, 2025",06-Apr-2025,14.0,7,FALSE,Processed,I. Mora,CTLA-PMR,2025,Q1 2025
WA-2025-100078,LN-4078-REG,Loan,Sri Lanka,  National Housing Authority,Basic Education Sector Program,Energy,SARD,"USD 1,208,876.86",USD,03-14-2025,03-16-2025,2.0,7,TRUE,Processed,V. Sefesi,CTLA-LGD,2025,Q1 2025
WA-2025-100252,LN-4252-REG,Loan,Kazakhstan,  Central Bank ,Skills Development Program,ICT,CWRD,"405,840.77",USD,26/07/2025,,pending,7,,Pending,H.C. Park,CTLA-LGD,2025,Q3 2025
WA-2026-100449,LN-4449-MFF,Loan,Cambodia, Rural Electrification Agency ,Public Financial Management Reform,Energy,SERD,504422.66,USD,2025-11-11,16/11/2025,5.0,7,yes,Processed,D. Manurung,CTLA-LGD,2025,Q4 2025
WA-2026-100131,LN-4131-MFF,Loan,Nepal,Ministry of Transport,Urban Water Supply Program,ICT,SARD,53103.46,USD,20-Jul-2025,2025-07-21,1.0,7,TRUE,Processed,O. Domagas,CTLA-LGD,2025,Q3 2025
WA-2026-100155,GR-4155-MFF,Grant,Viet Nam,  Ministry of Transport  ,Regional Trade Facilitation,Transport,SERD,"USD 234,171.44",USD,"Sep 09, 2025","Sep 13, 2025",4.0,7,TRUE,Processed,R. Baluyot,CTLA-LGD,2025,Q3 2025
WA-2026-100455,LN-4455-MFF,Loan,Kyrgyz Republic,  Provincial Government  ,Digital Government Transformation,Education,CWRD,127273.23,USD,2025-04-16,,,7,-,Pending,M. Rodriguez,CTLA-PMR,2025,Q2 2025
WA-2025-100008,LN-4008-MFF,Loan,Papua New Guinea, Central Bank,Smart City Development,Education,PARD,"48,180.10",USD,01-07-2026,10-Jan-2026,3.0,7,TRUE,Processed,H.C. Park,CTLA-LGD,2026,Q1 2026
WA-2025-100142,GR-4142-SF,Grant,Uzbekistan, Ministry of Agriculture  ,Public Financial Management Reform,Multisector,CWRD,517335.03,USD,2025-12-17,12-23-2025,6.0,7,yes,Processed,H.C. Park,CTLA-LGD,2025,Q4 2025
WA-2025-100028,LN-4028-SF,Loan,Maldives, Provincial Government,Sanitation Improvement Project,Health,SARD,128770.63,USD,23-Mar-2025,27-Mar-2025,,7,TRUE,Processed,E. Lazaro,CTLA-LGD,2025,Q1 2025
WA-2025-100296,LN-4296-MFF,Loan,Nepal,  Department of Social Welfare ,Flood Risk Management Project,NULL,SARD,308269.62,USD,"Jan 21, 2026",2026-01-26,5.0,7,Yes,Processed,B. Kasilag,CTLA-LGD,2026,Q1 2026
WA-2025-100118,GR-4118-SF,Grant,Uzbekistan,National Housing Authority ,Financial Inclusion Program,Education,CWRD,1002906.93,USD,31/03/2025,,,7,NA,Under Review,B. Choi,CTLA-LGD,2025,Q1 2025
WA-2025-100188,TA-4188-MFF,TA,Uzbekistan,Ministry of Finance ,Renewable Energy Development,Education,CWRD,80425.70,USD,10/04/2026,12-Apr-2026,2.0,7,1,Processed,V. Sefesi,CTLA-TA,2026,Q2 2026
WA-2025-100230,TA-4230-MFF,TA,Kyrgyz Republic,Ministry of Finance ,Sustainable Urban Transport,"Agriculture, Food, Nature and Rural Development",CWRD,"$55,610.58",USD,"Apr 05, 2026",2026-04-28,23.0,7,0,Processed,B. Choi,CTLA-TA,2026,Q2 2026
WA-2026-100437,LN-4437-MFF,Loan,India,  National Road Authority,Small Business Support Facility,Finance,SARD,"$61,921.92",USD,12-27-2025,,N/A,7,,On Hold,B. Choi,CTLA-LGD,2025,Q4 2025
WA-2026-100347,LN-4347-MFF,Loan,Sri Lanka,National Road Authority ,Regional Trade Facilitation,Transport,SARD,"USD 50,395.49",USD,2025-01-04,01-11-2025,7.0,7,yes,Processed,S. Dhakal,CTLA-LGD,2025,Q1 2025
WA-2026-100149,GR-4149-MFF,Grant,Indoneisa, National Water Utility ,Regional Trade Facilitation,Education,SERD,"35,774.36",USD,2025-04-01,2025-04-02,1.0,7,yes,Processed,R. Gallor,CTLA-LGD,2025,Q2 2025
WA-2026-100191,LN-4191-MFF,Loan,Tajikistan,  Ministry of Energy,Regional Trade Facilitation,Energy,CWRD,6113613.45,USD,"Jun 07, 2025","Jun 12, 2025",5.0,7,TRUE,Processed,R. Dadufalza,CTLA-LGD,2025,Q2 2025
WA-2025-100048,LN-4048-REG,Loan,Indonesia, National Housing Authority ,Urban Water Supply Program,Education,SERD,"$263,487.65",USD,02-09-2026,02-23-2026,14.0,7,0,Processed,M. Pastoral,CTLA-LGD,2026,Q1 2026
WA-2025-100032,LN-4032-MFF,Loan,BANGLADESH,National Water Utility ,Basic Education Sector Program,Multisector,SARD,454500.98,USD,2025-07-18,"Jul 21, 2025",3.0,7,1,Processed,N. Librada,CTLA-PMR,2025,Q3 2025
WA-2026-100113,LN-4113-MFF,Loan,Nepal,Department of Public Works  ,Sustainable Urban Transport,NULL,SARD,"USD 556,839.49",USD,06-30-2025,"Jul 06, 2025",6.0,7,1,Processed,M. Rodriguez,CTLA-LGD,2025,Q2 2025
WA-2026-100335,GR-4335-MFF,Grant,Indonesia,Department of Health ,Flood Risk Management Project,Energy,SERD,"$49,267.89",USD,04-16-2025,2025-04-18,2.0,7,Yes,Processed,H.C. Park,CTLA-LGD,2025,Q2 2025
WA-2026-100181,LN-4181-SF,Loan,Papua New Guinea,Urban Development Authority  ,Digital Government Transformation,Multisector,PARD,"$3,055,867.64",USD,2025-03-26,04-17-2025,22.0,7,N,Processed,S. Dhakal,CTLA-LGD,2025,Q1 2025
WA-2026-100397,LN-4397-SF,Loan,Papua New Guinea,National Water Utility ,Smart City Development,Water and Urban Development,PARD,304521.98,USD,24-Sep-2025,2025-09-28,N/A,7,1,Processed,L. Halliwell,CTLA-LGD,2025,Q3 2025
WA-2026-100279,TA-4279-REG,TA,PHILIPPINES, Ministry of Transport,Small Business Support Facility,Public Sector Management and Governance,SERD,84997.42,USD,31/03/2026,,N/A,7,,Pending,,CTLA-TA,2026,Q1 2026
WA-2025-100170,GR-4170-MFF,Grant,Bangladesh, Municipal Development Fund ,Rural Roads Improvement Project,Energy,SARD,241029.85,USD,18/03/2025,03-20-2025,2.0,7,Yes,Processed,L. Halliwell,CTLA-LGD,2025,Q1 2025
WA-2026-100259,LN-4259-SF,Loan,Sri Lanka,Urban Development Authority ,Financial Inclusion Program,Finance,SARD,"USD 2,266,906.13",USD,12-26-2025,2025-12-27,1.0,7,Y,Processed,M. Pastoral,CTLA-LGD,2025,Q4 2025
WA-2025-100132,LN-4132-REG,Loan,Bhutan,Provincial Government,Agriculture Value Chain Development,Energy,SARD,"$510,080.76",USD,07-Oct-2025,,-,7,NA,Under Review,,CTLA-LGD,2025,Q4 2025
WA-2025-100488,TA-4488-MFF,TA,Nepal,Department of Public Works,Flood Risk Management Project,Multisector,SARD,"USD 413,799.29",USD,"Sep 22, 2025",2025-09-23,1.0,7,1,Processed,N. Librada,CTLA-TA,2025,Q3 2025
WA-2026-100247,TA-4247-SF,TA,Mongolia, Ministry of Agriculture ,Sanitation Improvement Project,Finance,EARD,"$120,882.53",USD,2025-01-05,22-Jan-2025,17.0,7,no,Processed,N. Librada,CTLA-TA,2025,Q1 2025
WA-2026-100001,LN-4001-SF,Loan,Uzbekistan,  Ministry of Transport ,Sanitation Improvement Project,Water and Urban Development,CWRD,352119.89,USD,"May 15, 2026",,N/A,7,-,Pending,M. Rodriguez,CTLA-LGD,2026,Q2 2026
WA-2026-100143,LN-4143-MFF,Loan,Bhutan, Ministry of Energy  ,Sanitation Improvement Project,"Agriculture, Food, Nature and Rural Development",SARD,44025.59,USD,11-May-2026,31/05/2026,23.0,7,FALSE,Processed,R. Dadufalza,CTLA-PMR,2026,Q2 2026
WA-2025-100030,LN-4030-REG,Loan,Tajikistan, Ministry of Finance  ,Girls Education Support Program,NULL,CWRD,"$466,450.98",USD,"Dec 19, 2025",28/12/2025,9.0,7,N,Processed,M. Rodriguez,CTLA-LGD,2025,Q4 2025
WA-2025-100386,TA-4386-MFF,TA,Cambodia,Central Bank,Regional Trade Facilitation,Health,SERD,319473.85,USD,"Oct 26, 2025",2025-11-18,23.0,7,FALSE,Processed,L. Halliwell,CTLA-TA,2025,Q4 2025
WA-2026-100443,TA-4443-MFF,TA,Sri Lanka,  Department of Health  ,Public Financial Management Reform,Finance,SARD,"$113,481.78",USD,2025-05-23,30/05/2025,7.0,7,yes,Processed,,CTLA-TA,2025,Q2 2025
WA-2026-100401,LN-4401-MFF,Loan,Nepal,Ministry of Education ,Girls Education Support Program,Finance,SARD,"$197,084.06",USD,04/04/2025,,N/A,7,na,Under Review,R. Dadufalza,CTLA-LGD,2025,Q2 2025
WA-2026-100009,LN-4009-REG,Loan,Kazakhstan,  Department of Public Works ,Sustainable Urban Transport,ICT,CWRD,43692.54,USD,13/04/2026,04-16-2026,3.0,7,Y,Processed,B. Choi,CTLA-LGD,2026,Q2 2026
WA-2026-100431,LN-4431-MFF,Loan,NULL,Department of Social Welfare  ,Smart City Development,Energy,CWRD,"49,621.53",USD,2026-03-30,"Apr 06, 2026",7.0,7,Yes,Processed,B. Choi,CTLA-LGD,2026,Q1 2026
WA-2026-100283,LN-4283-SF,Loan,Mongolia, National Housing Authority  ,Solar Power Generation Project,Public Sector Management and Governance,EARD,"USD 423,605.69",USD,"May 05, 2025",05-09-2025,4.0,7,1,Processed,I. Mora,CTLA-LGD,2025,Q2 2025
WA-2025-100098,LN-4098-MFF,Loan,Pakistan, Provincial Government,Regional Trade Facilitation,Health,CWRD,50978.08,USD,01-14-2026,01-20-2026,6 days,7,1,Processed,D. Manurung,CTLA-PMR,2026,Q1 2026
WA-2026-100159,LN-4159-REG,Loan,Bhutan,Urban Development Authority,Urban Water Supply Program,Energy,SARD,4386334.33,USD,11-Oct-2025,,N/A,7,na,Pending,O. Domagas,CTLA-LGD,2025,Q4 2025
WA-2025-100298,LN-4298-SF,Loan,Vietnam, Ministry of Energy ,Small Business Support Facility,Health,SERD,441209.08,USD,18-Jun-2025,,-,7,N/A,Pending,R. Dadufalza,CTLA-LGD,2025,Q2 2025
WA-2026-100029,GR-4029-MFF,Grant,NULL,National Housing Authority,Rural Roads Improvement Project,Public Sector Management and Governance,CWRD,"USD 2,141,340.44",USD,28-Jun-2025,30-Jun-2025,2.0,7,TRUE,Processed,N. Librada,CTLA-LGD,2025,Q2 2025
WA-2025-100366,GR-4366-REG,Grant,Kazakhstan,Ministry of ICT  ,Regional Trade Facilitation,Finance,CWRD,1104221.04,USD,2025-05-13,,,7,,Pending,,CTLA-LGD,2025,Q2 2025
WA-2025-100148,TA-4148-SF,TA,PHILIPPINES, Department of Social Welfare ,Sanitation Improvement Project,Finance,SERD,2480592.88,USD,04-26-2025,,pending,7,NA,Under Review,B. Kasilag,CTLA-TA,2025,Q2 2025
WA-2026-100043,LN-4043-SF,Loan,Nepal,Department of Public Works ,Sustainable Urban Transport,Public Sector Management and Governance,SARD,"5,677,158.53",USD,"Feb 24, 2026",03-02-2026,6 days,7,1,Processed,R. Gallor,CTLA-LGD,2026,Q1 2026
WA-2026-100153,LN-4153-REG,Loan,Nepal,  Central Bank ,Health Sector Reform Project,Transport,SARD,"$115,617.39",USD,02/04/2025,04-11-2025,9.0,7,FALSE,Processed,D. Manurung,CTLA-LGD,2025,Q2 2025
WA-2025-100136,LN-4136-SF,Loan,Mongolia, Urban Development Authority,Financial Inclusion Program,Multisector,EARD,35077.52,USD,2025-08-07,08-26-2025,19.0,7,FALSE,Processed,A. Asuncion,CTLA-LGD,2025,Q3 2025
WA-2025-100460,LN-4460-SF,Loan,Bangladesh,  Ministry of ICT,Sanitation Improvement Project,Health,SARD,"USD 2,055,991.91",USD,12-21-2025,,N/A,7,,On Hold,B. Choi,CTLA-LGD,2025,Q4 2025
WA-2026-100115,GR-4115-SF,Grant,Nepal,Urban Development Authority ,Sustainable Urban Transport,Energy,SARD,"$971,390.97",USD,"Jun 24, 2025",,-,7,,Pending,D. Nishimoto,CTLA-LGD,2025,Q2 2025
WA-2026-100183,TA-4183-REG,TA, Bangladesh, Urban Development Authority  ,Solar Power Generation Project,Public Sector Management and Governance,SARD,"88,740.95",USD,2026-05-12,"May 16, 2026",4.0,7,Y,Processed,R. Gallor,CTLA-TA,2026,Q2 2026
WA-2026-100469,TA-4469-SF,TA,Lao PDR,Ministry of Education  ,Flood Risk Management Project,Multisector,SERD,"76,225.38",USD,"Mar 29, 2025",,-,7,NA,Under Review,R. Dadufalza,CTLA-TA,2025,Q1 2025
WA-2026-100285,LN-4285-REG,Loan,Sri Lanka,  Ministry of Education,Smart City Development,Water and Urban Development,SARD,55762.21,USD,22-Nov-2025,2025-11-23,1.0,7,Yes,Processed,E. Lazaro,CTLA-LGD,2025,Q4 2025
WA-2026-100445,TA-4445-SF,TA,Mongolia, Rural Electrification Agency  ,Urban Water Supply Program,ICT,EARD,"USD 52,304.24",USD,08-Mar-2026,14-Mar-2026,6.0,7,1,Processed,L. Halliwell,CTLA-TA,2026,Q1 2026
WA-2025-100198,GR-4198-REG,Grant, Bangladesh,  Department of Public Works,Urban Water Supply Program,"Agriculture, Food, Nature and Rural Development",SARD,"$248,150.06",USD,2026-05-04,2026-05-15,11.0,7,No,Processed,,CTLA-LGD,2026,Q2 2026
WA-2026-100137,LN-4137-MFF,Loan,Kyrgyz Republic,  National Housing Authority  ,Basic Education Sector Program,Multisector,CWRD,"$2,757,137.00",USD,09/04/2026,14-Apr-2026,5.0,7,Yes,Processed,,CTLA-LGD,2026,Q2 2026
WA-2026-100359,GR-4359-MFF,Grant,Mongolia, Department of Public Works,Public Financial Management Reform,NULL,EARD,300973.05,USD,"Jul 24, 2025",,-,7,,Pending,M. Pastoral,CTLA-LGD,2025,Q3 2025
WA-2026-100235,GR-4235-SF,Grant,Kazakhstan,National Water Utility,Skills Development Program,Multisector,CWRD,"USD 225,601.83",USD,27/02/2025,03-04-2025,N/A,7,Y,Processed,O. Domagas,CTLA-LGD,2025,Q1 2025
WA-2025-100046,LN-4046-SF,Loan,Kyrgyz Republic, Ministry of Agriculture  ,Urban Water Supply Program,Public Sector Management and Governance,CWRD,"$82,433.66",USD,25/01/2026,26-Jan-2026,1.0,7,Yes,Processed,E. Lazaro,CTLA-PMR,2026,Q1 2026
WA-2025-100038,LN-4038-MFF,Loan,Kyrgyz Republic, National Housing Authority ,Climate Resilient Infrastructure,Water and Urban Development,CWRD,1035042.55,USD,"Feb 23, 2026",,pending,7,na,Under Review,D. Manurung,CTLA-LGD,2026,Q1 2026
WA-2025-100196,LN-4196-SF,Loan,Pakistan,Urban Development Authority  ,Basic Education Sector Program,Water and Urban Development,CWRD,"USD 384,479.90",USD,18-Jan-2025,"Jan 30, 2025",12.0,7,No,Processed,S. Dhakal,CTLA-LGD,2025,Q1 2025
WA-2025-100308,LN-4308-MFF,Loan,VIETNAM,National Road Authority,Digital Government Transformation,Public Sector Management and Governance,SERD,7996130.94,USD,09-02-2025,24-Sep-2025,22.0,7,No,Processed,A. Asuncion,CTLA-LGD,2025,Q3 2025
WA-2025-100380,LN-4380-MFF,Loan,Kyrgyz Republic, Ministry of Education  ,Health Sector Reform Project,Multisector,CWRD,"USD 521,482.29",USD,08-Feb-2026,2026-02-15,,7,1,Processed,B. Choi,CTLA-LGD,2026,Q1 2026
WA-2025-100466,GR-4466-SF,Grant,Kazakhstan,  Ministry of Environment ,Urban Water Supply Program,Health,CWRD,"$213,818.86",USD,"Jan 29, 2025",01-Feb-2025,3 days,7,1,Processed,M. Akram,CTLA-LGD,2025,Q1 2025
WA-2026-100157,LN-4157-SF,Loan,Uzbekistan,  Rural Electrification Agency,Rural Roads Improvement Project,Water and Urban Development,CWRD,277034.17,USD,24-Nov-2025,"Nov 29, 2025",5.0,7,1,Processed,O. Domagas,CTLA-LGD,2025,Q4 2025
WA-2025-100236,LN-4236-MFF,Loan,Fiji,Ministry of Finance  ,Small Business Support Facility,"Agriculture, Food, Nature and Rural Development",PARD,"$1,812,485.23",USD,09-11-2025,09-17-2025,6.0,7,1,Processed,M. Akram,CTLA-LGD,2025,Q3 2025
WA-2026-100137,LN-4137-MFF,Loan,Kyrgyz Republic,  National Housing Authority  ,Basic Education Sector Program,Multisector,CWRD,"$2,757,137.00",USD,09/04/2026,14-Apr-2026,5.0,7,Yes,Processed,,CTLA-LGD,2026,Q2 2026
WA-2025-100204,TA-4204-REG,TA,Bangladesh,Ministry of Agriculture,Small Business Support Facility,Transport,SARD,"$193,153.75",USD,07-Nov-2025,13/11/2025,6.0,7,1,Processed,R. Perez,CTLA-TA,2025,Q4 2025
WA-2025-100424,GR-4424-SF,Grant,Bhutan,Department of Public Works,Rural Roads Improvement Project,ICT,SARD,"$905,554.65",USD,"Mar 14, 2025",,N/A,7,na,Pending,R. Baluyot,CTLA-LGD,2025,Q1 2025
WA-2026-100409,TA-4409-SF,TA,Lao PDR, Municipal Development Fund,Regional Trade Facilitation,Transport,SERD,"$64,327.70",USD,21-Mar-2026,27-Mar-2026,6.0,7,Y,Processed,V. Sefesi,CTLA-TA,2026,Q1 2026
WA-2025-100110,LN-4110-MFF,Loan,Indonesia,  Ministry of Agriculture ,Flood Risk Management Project,Energy,SERD,"USD 886,217.18",USD,05-08-2025,12/05/2025,4.0,7,Y,Processed,B. Kasilag,CTLA-LGD,2025,Q2 2025
WA-2026-100025,LN-4025-SF,Loan,Uzbekistan,Ministry of ICT,Renewable Energy Development,"Agriculture, Food, Nature and Rural Development",CWRD,"375,604.24",USD,06-Jun-2025,06-11-2025,5.0,7,1,Processed,I. Mora,CTLA-LGD,2025,Q2 2025
WA-2025-100112,LN-4112-SF,Loan,Phillippines,  Department of Public Works  ,Rural Roads Improvement Project,Transport,SERD,"USD 352,931.25",USD,24/05/2026,"May 30, 2026",6.0,7,TRUE,Processed,R. Baluyot,CTLA-LGD,2026,Q2 2026
WA-2026-100041,GR-4041-MFF,Grant,Viet Nam,  Provincial Government  ,Digital Government Transformation,Finance,SERD,1818169.57,USD,27/03/2025,28/03/2025,1.0,7,Y,Processed,M. Rodriguez,CTLA-LGD,2025,Q1 2025
WA-2025-100096,LN-4096-REG,Loan,Maldives,Ministry of ICT ,Financial Inclusion Program,Education,SARD,"USD 118,949.99",USD,05-28-2026,30-May-2026,2.0,7,TRUE,Processed,B. Kasilag,CTLA-LGD,2026,Q2 2026
WA-2025-100166,GR-4166-SF,Grant,NULL, Ministry of Transport ,Public Financial Management Reform,Transport,SERD,292568.77,USD,"Apr 16, 2025",04-23-2025,7.0,7,TRUE,Processed,B. Kasilag,CTLA-LGD,2025,Q2 2025
WA-2026-100303,TA-4303-REG,TA,India,  Ministry of Finance  ,Coastal Protection Project,Public Sector Management and Governance,SARD,"USD 55,561.86",USD,16-Apr-2025,17/04/2025,1.0,7,yes,Processed,D. Nishimoto,CTLA-TA,2025,Q2 2025
WA-2025-100496,LN-4496-SF,Loan,Pakistan,  Ministry of Finance  ,Smart City Development,Transport,CWRD,"317,546.05",USD,2026-02-05,07-Feb-2026,2.0,7,TRUE,Processed,B. Choi,CTLA-LGD,2026,Q1 2026
WA-2026-100395,GR-4395-MFF,Grant,Kyrgyz Republic, Ministry of Transport  ,Girls Education Support Program,Transport,CWRD,438724.27,USD,"Sep 12, 2025",14/09/2025,2.0,7,Y,Processed,V. Sefesi,CTLA-LGD,2025,Q3 2025
WA-2025-100482,LN-4482-MFF,Loan,Uzbekistan, Department of Social Welfare,Agriculture Value Chain Development,Finance,CWRD,"62,832.37",USD,04-04-2025,2025-04-06,2.0,7,Yes,Processed,V. Sefesi,CTLA-PMR,2025,Q2 2025
WA-2026-100117,LN-4117-REG,Loan,Mongolia, Ministry of ICT,Rural Roads Improvement Project,"Agriculture, Food, Nature and Rural Development",EARD,"$208,084.17",USD,"Jan 06, 2026","Jan 22, 2026",16.0,7,No,Processed,M. Rodriguez,CTLA-LGD,2026,Q1 2026
WA-2025-100372,TA-4372-REG,TA,Kyrgyz Republic,  Department of Health ,Sustainable Urban Transport,"Agriculture, Food, Nature and Rural Development",CWRD,"USD 53,419.38",USD,"Feb 28, 2025",,N/A,7,-,Under Review,D. Nishimoto,CTLA-TA,2025,Q1 2025
WA-2025-100218,GR-4218-MFF,Grant,NULL, Municipal Development Fund,Girls Education Support Program,Health,PARD,625620.41,USD,31/10/2025,2025-11-01,1.0,7,Y,Processed,B. Kasilag,CTLA-LGD,2025,Q4 2025
WA-2025-100326,TA-4326-MFF,TA,Cambodia,  Ministry of Education,Renewable Energy Development,Multisector,SERD,621307.93,USD,08/04/2025,09-Apr-2025,1.0,7,Yes,Processed,M. Akram,CTLA-TA,2025,Q2 2025
WA-2026-100175,LN-4175-SF,Loan,Mongolia, National Water Utility  ,Coastal Protection Project,Education,EARD,860883.41,USD,05-15-2025,01-Jun-2025,17 days,7,N,Processed,R. Gallor,CTLA-LGD,2025,Q2 2025
WA-2025-100318,TA-4318-REG,TA,Maldives,Ministry of Planning ,Skills Development Program,Energy,SARD,"$1,261,103.25",USD,"Aug 29, 2025",,pending,7,N/A,Pending,D. Manurung,CTLA-TA,2025,Q3 2025
WA-2026-100093,LN-4093-REG,Loan,Banglades,Rural Electrification Agency  ,Agriculture Value Chain Development,"Agriculture, Food, Nature and Rural Development",SARD,"$126,997.67",USD,2025-01-22,02-07-2025,16.0,7,N,Processed,B. Kasilag,CTLA-LGD,2025,Q1 2025
WA-2026-100239,LN-4239-MFF,Loan,Papua New Guinea, Ministry of Agriculture,Financial Inclusion Program,"Agriculture, Food, Nature and Rural Development",PARD,"$55,149.27",USD,"Apr 09, 2026",2026-04-18,9 days,7,FALSE,Processed,N. Librada,CTLA-LGD,2026,Q2 2026
WA-2026-100061,TA-4061-SF,TA,Kazakhstan, Ministry of Education  ,Financial Inclusion Program,Transport,CWRD,"$376,360.43",USD,2025-07-10,07-12-2025,2.0,7,TRUE,Processed,R. Baluyot,CTLA-TA,2025,Q3 2025
WA-2025-100406,LN-4406-SF,Loan,philippines, Urban Development Authority,Coastal Protection Project,Multisector,SERD,"USD 302,364.70",USD,12-16-2025,"Jan 05, 2026",,7,no,Processed,B. Choi,CTLA-LGD,2025,Q4 2025
WA-2025-100242,LN-4242-MFF,Loan,Nepal,Department of Social Welfare,Health Sector Reform Project,Finance,SARD,211283.99,USD,04-25-2026,01-May-2026,6.0,7,Yes,Processed,M. Pastoral,CTLA-LGD,2026,Q2 2026
WA-2026-100207,TA-4207-REG,TA,Maldives,Department of Health ,Coastal Protection Project,Energy,SARD,97996.47,USD,"Jun 01, 2025",03-Jun-2025,2.0,7,TRUE,Processed,H.C. Park,CTLA-TA,2025,Q2 2025
WA-2026-100333,TA-4333-REG,TA,Nepal,  Ministry of ICT ,Smart City Development,Transport,SARD,"USD 2,940,894.08",USD,13/03/2025,"Apr 04, 2025",22.0,7,0,Processed,D. Nishimoto,CTLA-TA,2025,Q1 2025
WA-2025-100446,LN-4446-MFF,Loan,INDONESIA,  Ministry of Energy  ,Girls Education Support Program,Energy,SERD,"$95,302.76",USD,08-07-2025,14/08/2025,7.0,7,Yes,Processed,D. Nishimoto,CTLA-LGD,2025,Q3 2025
WA-2025-100276,LN-4276-REG,Loan,Pakistan,  Rural Electrification Agency ,Agriculture Value Chain Development,Multisector,CWRD,586216.11,USD,17/04/2025,,,7,na,Pending,I. Mora,CTLA-LGD,2025,Q2 2025
WA-2025-100164,LN-4164-MFF,Loan,Uzbekistan,Ministry of Energy  ,Girls Education Support Program,"Agriculture, Food, Nature and Rural Development",CWRD,"1,025,342.32",USD,03-09-2025,,pending,7,-,Pending,E. Lazaro,CTLA-LGD,2025,Q1 2025
WA-2026-100163,GR-4163-SF,Grant,Sri Lanka,Rural Electrification Agency ,Regional Trade Facilitation,Energy,SARD,"73,231.49",USD,10-May-2025,,N/A,7,NA,Pending,V. Sefesi,CTLA-LGD,2025,Q2 2025
WA-2025-100462,LN-4462-REG,Loan,Sri Lanka, National Housing Authority ,Digital Government Transformation,Transport,SARD,"USD 2,440,533.06",USD,"Jul 13, 2025",,,7,-,Pending,S. Dhakal,CTLA-LGD,2025,Q3 2025
WA-2026-100231,LN-4231-REG,Loan,bangladesh,  National Housing Authority,Girls Education Support Program,Health,SARD,878831.33,USD,03/01/2026,"Jan 22, 2026",19.0,7,No,Processed,A. Asuncion,CTLA-LGD,2026,Q1 2026
WA-2025-100130,LN-4130-SF,Loan,Sri Lanka,Central Bank  ,Solar Power Generation Project,Health,SARD,44737.57,USD,03-29-2026,06-Apr-2026,8.0,7,FALSE,Processed,R. Dadufalza,CTLA-LGD,2026,Q1 2026
WA-2026-100371,TA-4371-MFF,TA,Kyrgyz Republic, Ministry of Energy  ,Smart City Development,Water and Urban Development,CWRD,"39,981.58",USD,10/07/2025,28-Jul-2025,18.0,7,N,Processed,M. Akram,CTLA-TA,2025,Q3 2025
WA-2025-100262,LN-4262-SF,Loan,Cambodia, National Road Authority  ,Sanitation Improvement Project,Multisector,SERD,"118,000.21",USD,14/05/2026,05-17-2026,3.0,7,yes,Processed,,CTLA-LGD,2026,Q2 2026
WA-2025-100300,GR-4300-REG,Grant,Kyrgyz Republic, Provincial Government ,Girls Education Support Program,"Agriculture, Food, Nature and Rural Development",CWRD,"$281,109.55",USD,2026-04-29,"May 02, 2026",3.0,7,Y,Processed,L. Belingon,CTLA-LGD,2026,Q2 2026
WA-2026-100495,TA-4495-REG,TA,Philippines,Ministry of Energy ,Agriculture Value Chain Development,Multisector,SERD,"$50,385.06",USD,07-01-2025,"Jul 02, 2025",1.0,7,yes,Processed,M. Pastoral,CTLA-TA,2025,Q3 2025
WA-2025-100454,LN-4454-SF,Loan,NULL,  Urban Development Authority,Digital Government Transformation,Health,EARD,269275.33,USD,07-Apr-2025,"Apr 09, 2025",2 days,7,1,Processed,R. Dadufalza,CTLA-LGD,2025,Q2 2025
WA-2025-100084,GR-4084-REG,Grant,INDONESIA,  Ministry of Finance  ,Basic Education Sector Program,Education,SERD,318113.04,USD,"Mar 08, 2026",22-Mar-2026,14.0,7,N,Processed,R. Dadufalza,CTLA-LGD,2026,Q1 2026
WA-2025-100222,LN-4222-REG,Loan,BANGLADESH,  Ministry of Agriculture  ,Digital Government Transformation,Health,SARD,1144285.68,USD,15-Dec-2025,,N/A,7,N/A,Pending,R. Baluyot,CTLA-LGD,2025,Q4 2025
WA-2026-100011,LN-4011-MFF,Loan,Uzbekistan, Urban Development Authority  ,Small Business Support Facility,Transport,CWRD,"$80,097.46",USD,2025-03-26,27-Mar-2025,1.0,7,TRUE,Processed,S. Dhakal,CTLA-LGD,2025,Q1 2025
WA-2025-100396,GR-4396-REG,Grant,Nepal, Rural Electrification Agency,Climate Resilient Infrastructure,Multisector,SARD,"370,213.06",USD,04-Apr-2025,,pending,7,-,Pending,A. Asuncion,CTLA-LGD,2025,Q2 2025
WA-2026-100389,TA-4389-MFF,TA,Viet Nam,  Provincial Government  ,Agriculture Value Chain Development,"Agriculture, Food, Nature and Rural Development",SERD,47474.56,USD,03-05-2026,,,7,N/A,Pending,D. Nishimoto,CTLA-TA,2026,Q1 2026
WA-2026-100241,LN-4241-SF,Loan,Maldives, Ministry of ICT ,Financial Inclusion Program,Energy,SARD,"$4,512,020.42",USD,21-May-2026,31/05/2026,18 days,7,No,Processed,S. Dhakal,CTLA-LGD,2026,Q2 2026
WA-2025-100050,LN-4050-MFF,Loan,Fiji, Provincial Government,Coastal Protection Project,Finance,PARD,"74,551.80",USD,25-Aug-2025,,,7,,Under Review,M. Akram,CTLA-LGD,2025,Q3 2025
WA-2025-100040,TA-4040-SF,TA,Fiji,  National Housing Authority ,Small Business Support Facility,ICT,PARD,"2,129,485.25",USD,05-12-2026,31-May-2026,22.0,7,FALSE,Processed,R. Gallor,CTLA-TA,2026,Q2 2026
WA-2026-100265,GR-4265-SF,Grant,Pakistan,Ministry of Finance,Regional Trade Facilitation,Education,CWRD,41162.04,USD,08/05/2025,2025-05-09,1.0,7,1,Processed,D. Nishimoto,CTLA-LGD,2025,Q2 2025
WA-2025-100062,LN-4062-MFF,Loan,Pakistan,  Rural Electrification Agency,Financial Inclusion Program,Energy,CWRD,"USD 1,279,016.15",USD,2025-11-03,09/11/2025,6.0,7,Y,Processed,M. Rodriguez,CTLA-LGD,2025,Q4 2025
WA-2025-100430,GR-4430-SF,Grant,Maldives,  Ministry of Planning  ,Small Business Support Facility,Public Sector Management and Governance,SARD,"288,973.55",USD,10-03-2025,"Oct 08, 2025",5 days,7,TRUE,Processed,O. Orcas,CTLA-LGD,2025,Q4 2025
WA-2026-100277,LN-4277-SF,Loan,Fiji, Central Bank ,Coastal Protection Project,Finance,PARD,"USD 410,329.62",USD,16-Aug-2025,25-Aug-2025,9.0,7,FALSE,Processed,H.C. Park,CTLA-LGD,2025,Q3 2025
WA-2025-100442,GR-4442-SF,Grant,Tajikistan,Department of Social Welfare ,Sanitation Improvement Project,Finance,CWRD,116465.17,USD,10/09/2025,"Sep 15, 2025",5.0,7,yes,Processed,R. Gallor,CTLA-LGD,2025,Q3 2025
WA-2026-100313,TA-4313-SF,TA,Maldives,Department of Social Welfare ,Basic Education Sector Program,"Agriculture, Food, Nature and Rural Development",SARD,"USD 104,063.64",USD,22/08/2025,,pending,7,N/A,Pending,I. Mora,CTLA-TA,2025,Q3 2025
WA-2025-100016,LN-4016-SF,Loan, Philippines ,Urban Development Authority  ,Financial Inclusion Program,Water and Urban Development,SERD,"$61,916.47",USD,2025-12-06,,-,7,N/A,Pending,R. Dadufalza,CTLA-PMR,2025,Q4 2025
WA-2026-100233,TA-4233-MFF,TA,Philippines,  Ministry of Environment  ,Urban Water Supply Program,ICT,SERD,"$1,152,413.82",USD,28/02/2026,,pending,7,N/A,On Hold,I. Mora,CTLA-TA,2026,Q1 2026
WA-2025-100140,LN-4140-MFF,Loan,Sri Lanka,  National Water Utility  ,Renewable Energy Development,ICT,SARD,"$858,937.27",USD,26-May-2026,28-May-2026,2.0,7,yes,Processed,I. Mora,CTLA-LGD,2026,Q2 2026
WA-2025-100468,GR-4468-REG,Grant,Pakistan,  Municipal Development Fund  ,Climate Resilient Infrastructure,Education,CWRD,"$8,725,067.20",USD,08/01/2025,12/01/2025,N/A,7,Yes,Processed,I. Mora,CTLA-LGD,2025,Q1 2025
WA-2026-100349,LN-4349-SF,Loan,Mongolia,  Department of Health  ,Basic Education Sector Program,Energy,EARD,"USD 87,783.52",USD,"Jan 10, 2026",14/01/2026,4.0,7,Yes,Processed,D. Nishimoto,CTLA-PMR,2026,Q1 2026
WA-2025-100220,LN-4220-SF,Loan,Kazakhstan, Ministry of Planning  ,Coastal Protection Project,Water and Urban Development,CWRD,"$4,162,236.47",USD,03-Jun-2025,06-06-2025,3.0,7,Y,Processed,D. Nishimoto,CTLA-LGD,2025,Q2 2025
WA-2026-100297,GR-4297-REG,Grant,Myanmar, Department of Health,Sanitation Improvement Project,Education,SERD,"$849,405.24",USD,2026-04-03,2026-04-18,15.0,7,0,Processed,,CTLA-LGD,2026,Q2 2026
WA-2026-100053,LN-4053-MFF,Loan,Philippines,  Ministry of ICT ,Skills Development Program,Multisector,SERD,"52,918.34",USD,2025-02-12,,N/A,7,,On Hold,B. Kasilag,CTLA-PMR,2025,Q1 2025
WA-2026-100151,TA-4151-SF,TA,India, Ministry of Finance ,Basic Education Sector Program,Education,SARD,"$55,764.84",USD,"May 22, 2026",05-23-2026,1.0,7,Y,Processed,E. Lazaro,CTLA-TA,2026,Q2 2026
WA-2026-100399,LN-4399-REG,Loan,Mongolia,  Ministry of Transport,Financial Inclusion Program,Education,EARD,"2,500,087.39",USD,06-14-2025,2025-06-17,3.0,7,1,Processed,E. Lazaro,CTLA-LGD,2025,Q2 2025
WA-2025-100390,LN-4390-REG,Loan,Uzbekistan, Urban Development Authority  ,Rural Roads Improvement Project,NULL,CWRD,"USD 1,043,073.59",USD,31-Jan-2025,2025-02-20,20.0,7,No,Processed,R. Dadufalza,CTLA-LGD,2025,Q1 2025
WA-2025-100270,GR-4270-REG,Grant,NULL, Ministry of Environment  ,Rural Roads Improvement Project,Transport,SARD,"$58,169.03",USD,03-02-2025,05/03/2025,3.0,7,yes,Processed,D. Manurung,CTLA-LGD,2025,Q1 2025
WA-2025-100086,TA-4086-MFF,TA,Uzbekistan,  National Road Authority ,Girls Education Support Program,Health,CWRD,3515761.46,USD,05-Nov-2025,2025-11-07,2.0,7,Yes,Processed,M. Rodriguez,CTLA-TA,2025,Q4 2025
WA-2026-100393,LN-4393-REG,Loan,Myanmar,  Department of Health,Regional Trade Facilitation,Energy,SERD,"$311,202.26",USD,"May 15, 2025",05-16-2025,1.0,7,yes,Processed,I. Mora,CTLA-LGD,2025,Q2 2025
WA-2026-100365,GR-4365-MFF,Grant,Nepal,  Ministry of Energy  ,Health Sector Reform Project,Education,SARD,558396.13,USD,2025-06-14,16/06/2025,2.0,7,Y,Processed,D. Manurung,CTLA-LGD,2025,Q2 2025
WA-2026-100383,LN-4383-MFF,Loan,Nepal,  National Road Authority  ,Rural Roads Improvement Project,Multisector,SARD,"$1,241,658.27",USD,14-Apr-2025,04-21-2025,7.0,7,yes,Processed,L. Belingon,CTLA-LGD,2025,Q2 2025
WA-2025-100426,LN-4426-REG,Loan,Mongolia,National Road Authority,Sanitation Improvement Project,ICT,EARD,"$5,473,296.15",USD,01-Mar-2026,2026-03-05,4.0,7,Yes,Processed,O. Orcas,CTLA-LGD,2026,Q1 2026
WA-2025-100054,GR-4054-REG,Grant,Papua New Guinea, Ministry of Planning,Agriculture Value Chain Development,Water and Urban Development,PARD,1149769.74,USD,27-Aug-2025,,pending,7,na,Pending,R. Dadufalza,CTLA-LGD,2025,Q3 2025
WA-2025-100474,LN-4474-REG,Loan,Nepal,  Ministry of ICT ,Public Financial Management Reform,Multisector,SARD,"USD 1,008,449.15",USD,"Jan 20, 2026",08-Feb-2026,19.0,7,0,Processed,S. Dhakal,CTLA-LGD,2026,Q1 2026
WA-2025-100450,TA-4450-REG,TA,Uzbekistan,Urban Development Authority  ,Solar Power Generation Project,NULL,CWRD,"$52,451.65",USD,20/03/2026,27-Mar-2026,7.0,7,TRUE,Processed,D. Manurung,CTLA-TA,2026,Q1 2026
WA-2025-100274,LN-4274-SF,Loan,Philippines, Ministry of Transport,Flood Risk Management Project,Finance,SERD,374344.75,USD,05-08-2025,2025-05-11,3 days,7,Yes,Processed,R. Dadufalza,CTLA-PMR,2025,Q2 2025
WA-2025-100428,LN-4428-MFF,Loan,Nepal, Ministry of Finance,Smart City Development,Public Sector Management and Governance,SARD,"$102,729.42",USD,"Feb 07, 2025",02-19-2025,12.0,7,FALSE,Processed,N. Librada,CTLA-LGD,2025,Q1 2025
WA-2026-100223,LN-4223-SF,Loan,India,  Rural Electrification Agency ,Renewable Energy Development,Public Sector Management and Governance,SARD,"$111,244.38",USD,2026-01-30,,-,7,-,On Hold,O. Domagas,CTLA-LGD,2026,Q1 2026
WA-2025-100334,TA-4334-SF,TA,Viet nam,  Ministry of ICT ,Regional Trade Facilitation,Transport,SERD,"USD 92,859.48",USD,18-Apr-2025,04-24-2025,6.0,7,TRUE,Processed,B. Choi,CTLA-TA,2025,Q2 2025
WA-2025-100416,TA-4416-MFF,TA,Myanmar, Ministry of Finance ,Basic Education Sector Program,Transport,SERD,11527416.17,USD,06/01/2025,,,7,NA,Pending,L. Halliwell,CTLA-TA,2025,Q1 2025
WA-2025-100158,LN-4158-MFF,Loan,Bangladesh, National Housing Authority,Coastal Protection Project,Multisector,SARD,"USD 116,479.21",USD,"Jan 07, 2025",,,7,N/A,Under Review,N. Librada,CTLA-LGD,2025,Q1 2025
WA-2025-100268,LN-4268-SF,Loan,Nepal,  National Housing Authority ,Small Business Support Facility,Water and Urban Development,SARD,47911.24,USD,22/12/2025,25/12/2025,3.0,7,TRUE,Processed,O. Orcas,CTLA-LGD,2025,Q4 2025
WA-2025-100382,LN-4382-SF,Loan,Bangladesh,  Provincial Government  ,Regional Trade Facilitation,Water and Urban Development,SARD,"USD 35,774.28",USD,"May 06, 2026",,N/A,7,NA,On Hold,M. Akram,CTLA-LGD,2026,Q2 2026
WA-2026-100311,TA-4311-MFF,TA,Papua New Guinea, Ministry of Environment  ,Smart City Development,ICT,PARD,"$38,790.69",USD,09/01/2026,"Jan 10, 2026",1.0,7,Yes,Processed,I. Mora,CTLA-TA,2026,Q1 2026
WA-2026-100423,LN-4423-REG,Loan,Sri Lanka, National Water Utility ,Regional Trade Facilitation,"Agriculture, Food, Nature and Rural Development",SARD,"128,176.96",USD,13-Feb-2026,02-20-2026,7.0,7,Yes,Processed,N. Librada,CTLA-LGD,2026,Q1 2026
WA-2025-100310,LN-4310-SF,Loan,Maldives,  Ministry of Transport  ,Urban Water Supply Program,ICT,SARD,322635.17,USD,"Feb 06, 2026",10/02/2026,4.0,7,Yes,Processed,D. Nishimoto,CTLA-LGD,2026,Q1 2026
WA-2026-100393,LN-4393-REG,Loan,Myanmar,  Department of Health,Regional Trade Facilitation,Energy,SERD,"$311,202.26",USD,"May 15, 2025",05-16-2025,1.0,7,yes,Processed,I. Mora,CTLA-LGD,2025,Q2 2025
WA-2026-100275,GR-4275-MFF,Grant,Philippines, Department of Social Welfare  ,Sustainable Urban Transport,NULL,SERD,"$129,259.58",USD,2025-09-12,22/09/2025,10.0,7,FALSE,Processed,R. Baluyot,CTLA-LGD,2025,Q3 2025
WA-2026-100045,TA-4045-REG,TA,Maldives, Ministry of Energy ,Health Sector Reform Project,Health,SARD,"$287,486.61",USD,19/01/2025,26/01/2025,,7,1,Processed,N. Librada,CTLA-TA,2025,Q1 2025
WA-2026-100493,LN-4493-SF,Loan,Sri Lanka,Provincial Government  ,Agriculture Value Chain Development,Health,SARD,"USD 602,104.45",USD,10-27-2025,11-02-2025,6.0,7,Yes,Processed,R. Perez,CTLA-LGD,2025,Q4 2025
WA-2026-100119,LN-4119-MFF,Loan,Mongolia, Ministry of Energy,Regional Trade Facilitation,Energy,EARD,"USD 8,703,127.17",USD,07-23-2025,2025-07-27,,7,1,Processed,I. Mora,CTLA-LGD,2025,Q3 2025
WA-2025-100344,GR-4344-MFF,Grant,India, Department of Social Welfare,Renewable Energy Development,Education,SARD,"190,036.83",USD,03-30-2025,04-20-2025,21.0,7,0,Processed,M. Akram,CTLA-LGD,2025,Q1 2025
WA-2026-100191,LN-4191-MFF,Loan,Tajikistan,  Ministry of Energy,Regional Trade Facilitation,Energy,CWRD,6113613.45,USD,"Jun 07, 2025","Jun 12, 2025",5.0,7,TRUE,Processed,R. Dadufalza,CTLA-LGD,2025,Q2 2025
WA-2025-100116,LN-4116-MFF,Loan,India,  National Housing Authority ,Public Financial Management Reform,Energy,SARD,"$80,927.07",USD,02-Nov-2025,"Nov 05, 2025",3.0,7,Yes,Processed,M. Pastoral,CTLA-LGD,2025,Q4 2025
WA-2026-100337,LN-4337-SF,Loan,Sri Lanka,  Ministry of Environment ,Agriculture Value Chain Development,Multisector,SARD,76352.46,USD,"Dec 17, 2025",,N/A,7,-,Under Review,B. Kasilag,CTLA-LGD,2025,Q4 2025
WA-2025-100492,GR-4492-REG,Grant,Tajikistan,  Provincial Government ,Financial Inclusion Program,Multisector,CWRD,"$265,863.06",USD,11/10/2025,10-14-2025,3.0,7,TRUE,Processed,A. Asuncion,CTLA-LGD,2025,Q4 2025
WA-2025-100036,LN-4036-REG,Loan,Viet Nam,  National Road Authority ,Financial Inclusion Program,Multisector,SERD,"USD 2,276,372.52",USD,"Feb 16, 2025","Feb 23, 2025",7.0,7,Yes,Processed,M. Rodriguez,CTLA-LGD,2025,Q1 2025
WA-2025-100322,LN-4322-SF,Loan,Fiji, Ministry of Agriculture ,Girls Education Support Program,"Agriculture, Food, Nature and Rural Development",PARD,"$89,932.33",USD,21-Jan-2026,2026-01-22,1.0,7,TRUE,Processed,S. Dhakal,CTLA-LGD,2026,Q1 2026
WA-2026-100171,LN-4171-REG,Loan,Nepal,Department of Health  ,Solar Power Generation Project,"Agriculture, Food, Nature and Rural Development",SARD,"$585,695.49",USD,02-Feb-2025,,pending,7,NA,Pending,R. Baluyot,CTLA-LGD,2025,Q1 2025
WA-2026-100023,TA-4023-MFF,TA,Kazakhstan,National Water Utility,Regional Trade Facilitation,Education,CWRD,35155.55,USD,01-Jan-2026,"Jan 03, 2026",2.0,7,yes,Processed,R. Perez,CTLA-TA,2026,Q1 2026
WA-2026-100033,LN-4033-REG,Loan,NULL,Ministry of Education  ,Public Financial Management Reform,Transport,SARD,"USD 904,482.12",USD,"Jan 22, 2026",,pending,7,,Pending,D. Manurung,CTLA-PMR,2026,Q1 2026
WA-2026-100465,LN-4465-REG,Loan,Pakistan,  National Housing Authority ,Rural Roads Improvement Project,Transport,CWRD,"USD 52,394.89",USD,2026-05-02,2026-05-15,13.0,7,N,Processed,D. Manurung,CTLA-LGD,2026,Q2 2026
WA-2026-100203,TA-4203-MFF,TA,Pakistan,Ministry of Environment ,Solar Power Generation Project,"Agriculture, Food, Nature and Rural Development",CWRD,54092.04,USD,10/11/2025,24-Nov-2025,14.0,7,0,Processed,S. Dhakal,CTLA-TA,2025,Q4 2025
WA-2025-100282,LN-4282-REG,Loan,Cambodia,Ministry of Finance ,Smart City Development,NULL,SERD,2547833.62,USD,01-07-2026,12-Jan-2026,5.0,7,Yes,Processed,R. Dadufalza,CTLA-LGD,2026,Q1 2026
WA-2026-100229,TA-4229-SF,TA,Fiji,  National Road Authority,Basic Education Sector Program,Education,PARD,"$120,562.71",USD,08-29-2025,16-Sep-2025,18.0,7,0,Processed,R. Gallor,CTLA-TA,2025,Q3 2025
WA-2026-100039,TA-4039-REG,TA,Lao PDR, Municipal Development Fund,Rural Roads Improvement Project,Finance,SERD,1108623.66,USD,01-06-2025,2025-01-10,4.0,7,Yes,Processed,B. Choi,CTLA-TA,2025,Q1 2025
WA-2026-100067,LN-4067-SF,Loan,Papua New Guinea,Ministry of Agriculture  ,Health Sector Reform Project,Education,PARD,"USD 776,493.20",USD,03/01/2026,16/01/2026,13.0,7,N,Processed,M. Rodriguez,CTLA-LGD,2026,Q1 2026
WA-2025-100018,GR-4018-REG,Grant,Bhutan,  Department of Social Welfare  ,Sanitation Improvement Project,Education,SARD,8055551.52,USD,05-17-2026,2026-05-19,2.0,7,TRUE,Processed,I. Mora,CTLA-LGD,2026,Q2 2026
WA-2025-100044,TA-4044-MFF,TA,Papua New Guinea,Municipal Development Fund  ,Regional Trade Facilitation,Transport,PARD,105647.84,USD,12-Oct-2025,"Oct 18, 2025",6.0,7,yes,Processed,V. Sefesi,CTLA-TA,2025,Q4 2025
WA-2025-100360,TA-4360-REG,TA,Philippines,  Department of Health ,Renewable Energy Development,"Agriculture, Food, Nature and Rural Development",SERD,"1,068,691.47",USD,01-04-2026,01-09-2026,5.0,7,Yes,Processed,D. Manurung,CTLA-TA,2026,Q1 2026
WA-2025-100088,LN-4088-SF,Loan,Papua New Guinea,Central Bank,Skills Development Program,Health,PARD,52647.91,USD,09/05/2025,11/05/2025,2.0,7,Yes,Processed,E. Lazaro,CTLA-PMR,2025,Q2 2025
WA-2026-100323,TA-4323-MFF,TA,Kyrgyz Republic, Municipal Development Fund  ,Coastal Protection Project,Education,CWRD,227561.99,USD,"Dec 03, 2025",12-09-2025,6.0,7,yes,Processed,D. Manurung,CTLA-TA,2025,Q4 2025
WA-2026-100295,TA-4295-SF,TA,Papua New Guinea,  Department of Health ,Small Business Support Facility,NULL,PARD,"$1,156,510.80",USD,"Apr 23, 2025",2025-04-30,7.0,7,1,Processed,N. Librada,CTLA-TA,2025,Q2 2025
WA-2026-100035,LN-4035-MFF,Loan,Pakistan,  National Water Utility,Sanitation Improvement Project,ICT,CWRD,"$89,719.87",USD,17-Feb-2025,03-11-2025,22 days,7,no,Processed,E. Lazaro,CTLA-LGD,2025,Q1 2025
WA-2025-100414,LN-4414-REG,Loan,Fiji,National Water Utility  ,Agriculture Value Chain Development,Energy,PARD,"$1,126,600.58",USD,04-24-2026,2026-04-28,4.0,7,Yes,Processed,R. Gallor,CTLA-LGD,2026,Q2 2026
WA-2025-100012,LN-4012-REG,Loan,Maldives,Ministry of Education  ,Rural Roads Improvement Project,Transport,SARD,"$8,600,686.09",USD,05-11-2025,2025-05-14,3.0,7,yes,Processed,R. Dadufalza,CTLA-PMR,2025,Q2 2025
WA-2025-100122,LN-4122-MFF,Loan,Fiji,Ministry of Transport ,Public Financial Management Reform,ICT,PARD,"$2,413,036.56",USD,2025-06-17,,N/A,7,-,Pending,R. Perez,CTLA-LGD,2025,Q2 2025
